﻿ts_code,ann_date,end_date,holder_name,hold_amount,hold_ratio,symbol,name
000001.SZ,20200421,20200331,中国平安保险(集团)股份有限公司-集团本级-自有资金,9618540236.0,49.56,000001,平安银行
000001.SZ,20200421,20200331,香港中央结算有限公司(陆股通),1669875196.0,8.6,000001,平安银行
000001.SZ,20200421,20200331,中国平安人寿保险股份有限公司-自有资金,1186100488.0,6.11,000001,平安银行
000001.SZ,20200421,20200331,中国平安人寿保险股份有限公司-传统-普通保险产品,440478714.0,2.27,000001,平安银行
000001.SZ,20200421,20200331,中国证券金融股份有限公司,429232688.0,2.21,000001,平安银行
000001.SZ,20200421,20200331,中央汇金资产管理有限责任公司,216213000.0,1.11,000001,平安银行
000001.SZ,20200421,20200331,深圳中电投资股份有限公司,162523292.0,0.84,000001,平安银行
000001.SZ,20200421,20200331,河南鸿宝企业管理有限公司,102735814.0,0.53,000001,平安银行
000001.SZ,20200421,20200331,全国社保基金一一七组合,95029523.0,0.49,000001,平安银行
000001.SZ,20200421,20200331,交通银行-易方达50指数证券投资基金,60643555.0,0.31,000001,平安银行
000002.SZ,20200428,20200331,深圳市地铁集团有限公司,3242810791.0,28.69,000002,万科A
000002.SZ,20200428,20200331,香港中央结算(代理人)有限公司,1577877274.0,13.96,000002,万科A
000002.SZ,20200428,20200331,香港中央结算有限公司(陆股通),470604997.0,4.16,000002,万科A
000002.SZ,20200428,20200331,国信证券-工商银行-国信金鹏分级1号集合资产管理计划,456993190.0,4.04,000002,万科A
000002.SZ,20200428,20200331,安邦人寿保险股份有限公司-保守型投资组合,294430268.0,2.61,000002,万科A
000002.SZ,20200428,20200331,中央汇金资产管理有限责任公司,189566000.0,1.68,000002,万科A
000002.SZ,20200428,20200331,招商财富-招商银行-德赢1号专项资产管理计划,146255820.0,1.29,000002,万科A
000002.SZ,20200428,20200331,中国证券金融股份有限公司,132669394.0,1.17,000002,万科A
000002.SZ,20200428,20200331,深圳市钜盛华股份有限公司,128968966.0,1.14,000002,万科A
000002.SZ,20200428,20200331,中国人寿保险股份有限公司-分红-个人分红-005L-FH002深,127420655.0,1.13,000002,万科A
000004.SZ,20200428,20200331,深圳市达晨财智创业投资管理有限公司-深圳市达晨创通股权投资企业(有限合伙),3797468.0,2.3,000004,国农科技
000004.SZ,20200428,20200331,郭训平,4408096.0,2.67,000004,国农科技
000004.SZ,20200428,20200331,中科汇通(深圳)股权投资基金有限公司,5041700.0,3.05,000004,国农科技
000004.SZ,20200428,20200331,中国建设银行股份有限公司-交银施罗德阿尔法核心混合型证券投资基金,5831273.0,3.53,000004,国农科技
000004.SZ,20200428,20200331,珠海横琴普源科技合伙企业(有限合伙),10866428.0,6.58,000004,国农科技
000004.SZ,20200428,20200331,北京中关村大河资本投资管理中心(有限合伙)-北京中关村并购母基金投资中心(有限合伙),15240506.0,9.23,000004,国农科技
000004.SZ,20200428,20200331,彭瀛,16310698.0,9.88,000004,国农科技
000004.SZ,20200428,20200331,深圳中农大科技投资有限公司,23876848.0,14.47,000004,国农科技
000004.SZ,20200428,20200331,深圳市睿鸿置业发展有限公司,13005922.0,7.88,000004,国农科技
000004.SZ,20200428,20200331,青岛海尔创业投资有限责任公司-群岛千帆(青岛)股权投资中心(有限合伙),3616636.0,2.19,000004,国农科技
